{
    "training_completed": true,
    "total_episodes": 3000,
    "average_reward": 57.46106328010668,
    "std_reward": 39.017331389591,
    "min_reward": -38.10983135058943,
    "max_reward": 207.201795111401,
    "total_successful_searches": 2219,
    "average_successful_searches": 0.7396666666666667,
    "average_episode_length": 80.59833333333333,
    "run_directory": "logs/base_env_20250602_173828"
}