{
    "training_completed": true,
    "total_episodes": 500,
    "average_reward": 21.891197339386714,
    "std_reward": 21.62692707145362,
    "min_reward": -56.82702041564795,
    "max_reward": 65.31327564375164,
    "total_successful_searches": 33,
    "average_successful_searches": 0.066,
    "average_episode_length": 169.494,
    "average_energy_consumed": 508.482,
    "average_recharge_count": 1.596,
    "run_directory": "logs/20250602_155832"
}